Clave de municipio,Clave de localidad,Nombre de la localidad
1,12,La Preciosa [Rancho]
1,1,Amaxac de Guerrero
1,2,San Damián Tlacocalpan
1,13,Amintla
1,9998,Localidades de una vivienda
1,9999,Localidades de dos viviendas
2,6,La Loma [Colonia]
2,1,Apetatitlán
2,2,Belén Atzitzimititlán
2,3,San Matías Tepetomatitlán
2,4,Tecolotla
2,5,Tlatempan
3,121,Alcatraces
3,108,Almeya
3,1,Atlangatepec
3,116,Camino Real
3,133,Cerro de la Cantera
3,26,Cerro de las Flores
3,7,Colonia Agrícola San Luis
3,14,Colonia Benito Juárez (Tezoyo)
3,32,Colonia Loma Bonita
3,40,Cuarta Fracción de Olivares
3,109,El Capricho
3,65,El Catorce
3,110,El Colibrí
3,126,El Embarcadero
3,80,El Encino [Rancho]
3,38,El Fuerte Apache [Centro Turístico]
3,28,El Ocotal
3,74,El Ocote
3,82,El Potrero [Rancho]
3,27,Ex-Hacienda la Trasquila
3,13,Ex-Hacienda San Antonio Tepetzala
3,6,Ex-Hacienda San José Atlanga
3,90,Filemón Hernández
3,122,Finca el Cristo
3,42,Fracción San Pedro Ecatepec
3,127,Francisco Vázquez Jiménez
3,34,Guadiana [Rancho]
3,118,Jesús García
3,25,La Cañada
3,64,La Cañada [Rancho]
3,41,La Cuchilla (El Alcanfor)
3,37,La Flor [Rancho]
3,105,La Joya
3,60,La Loma (El Cerrito)
3,83,La Palma
3,102,La Providencia
3,17,La Trasquila
3,84,Las Barrancas [Rancho]
3,130,Las Caridades
3,94,Las Tinajas (La Tepozanera)
3,85,Las Tinajas [Rancho]
3,9999,Localidades de dos viviendas
3,9998,Localidades de una vivienda
3,87,Los Encinos [Rancho]
3,53,Los Patos [Rancho]
3,96,Luis Echeverría [Establo Bovino]
3,46,Mauro Vázquez
3,106,Rancho Guadalupe
3,33,Rancho Jericó
3,49,Rancho Xalnene
3,35,San Antonio Zacapexco
3,114,San Antonio Zacapexco (San Pedro Zacapexco)
3,89,San Francisco [Rancho]
3,131,San Isidro
3,12,San José de Santa Rosa Zacapexco
3,8,San Pedro Ecatepec
3,92,San Simón
3,10,Santa Clara Ozumba
3,29,Santa Elena
3,11,Santa María Tepetzala
3,18,Santiago Villalta
3,4,Segunda Fracción de Olivares
3,56,Tepitzilapa
3,57,Tercera Fracción de Olivares
3,107,Unidad Habitacional I
3,31,Villa de las Flores
3,119,Villa Esperanza [Rancho]
3,48,Villa Quinta Olivares [Centro Vacacional]
3,19,Vista Hermosa
3,95,Vista Hermosa
3,36,Xuxtepec
3,22,Zumpango
4,1,Atlzayanca
4,96,Aurelio Aguilar
4,42,Carreta
4,24,Colonia Delicias
4,52,Colonia Nazareth
4,4,Concepción Hidalgo
4,115,El Desmonte
4,5,Felipe Carrillo Puerto
4,109,Huerta Lizet
4,6,La Garita
4,116,La Lobera
4,15,La Rincona
4,73,La Soledad Loma de Ocotla [Ranchería]
4,7,Lázaro Cárdenas
4,9999,Localidades de dos viviendas
4,9998,Localidades de una vivienda
4,49,Loma de Junguito
4,83,Los Ocalitos
4,46,Mazehualpa
4,8,Mesa Redonda
4,51,Miahuapan el Alto
4,9,Miahuapan el Bajo
4,10,Nexnopala
4,37,Ranchería de Pocitos
4,30,Rancho Blanco
4,103,Rancho de Jesús
4,11,Rancho Ocotla
4,16,San Antonio Tecopilco
4,64,San Antonio Zoapila
4,2,San Francisco Axopilco
4,3,San José Buenavista
4,55,San José Miravalle
4,28,San José Pilancón
4,18,San José Xalasco
4,19,San Juan Ocotitla
4,110,San Miguel
4,50,San Miguel Franco [Ranchería]
4,20,Santa Cruz Pocitos
4,79,Santa Margarita [Rancho]
4,21,Santa María las Cuevas
4,39,Santa Martha [Rancho]
4,107,Techachalco
4,23,Xaltitla
4,43,Xarero Xaltitla
5,11,Actipan
5,2,Cerrito de Guadalupe
5,1,Ciudad de Apizaco
5,6,Colonia San Isidro
5,23,Cuarta Manzana
5,17,Ejido de San Dionisio
5,32,Ejido de Santa Úrsula
5,30,Fraccionamiento Jardines de San Francisco
5,3,Guadalupe Texcalac
5,4,Jagüey Prieto
5,5,José María Morelos
5,35,La Bomba
5,9999,Localidades de dos viviendas
5,9998,Localidades de una vivienda
5,19,Los Gemelos [Rancho]
5,33,Primera Sección
5,21,San José Tetel (La Quebradora)
5,7,San Luis Apizaquito
5,36,San Patricio [Rancho]
5,9,Santa Anita Huiloac
5,10,Santa María Texcalac
5,26,Tlalcoyotla
5,27,Tochac
5,29,Unidad Deportiva
6,2,Amantla
6,214,Ángel Pelcastre
6,166,Barranca del Tizar
6,255,Candelario Hernández
6,5,Coecillos
6,225,Cola del Potrero
6,98,David Sánchez
6,7,El Carmen
6,132,El Carmen [Rancho]
6,177,El Convento de la Soledad
6,267,El Jarocho
6,149,El Mirador
6,235,El Piñón
6,117,El Rosario
6,212,El Triángulo
6,244,Fraccionamiento Ángeles
6,56,Herlinda Hernández
6,60,Hermanos García
6,1,Heroica Ciudad de Calpulalpan
6,218,Jacarandas
6,119,La Blanca
6,266,La Loma
6,140,La Morena
6,174,La Ocotera [Rancho]
6,102,La Palma
6,222,La Providencia
6,97,La Providencia (El Ocote)
6,94,La Quebradora
6,19,La Soledad
6,38,La Venta
6,105,Las Auras
6,261,Las Colmenas [Rancho]
6,79,Las Dalias
6,201,Las Palomas
6,268,Las Peñas [Rancho]
6,9999,Localidades de dos viviendas
6,9998,Localidades de una vivienda
6,141,Loma Bonita
6,169,Loma de San Agustín
6,232,Los Compadres [Rancho]
6,81,Los Díaz
6,99,Los Mejía
6,93,Los Mogotes
6,129,Los Montalvo
6,32,Los Palacios
6,54,Los Pinos
6,14,Los Tres Hermanos
6,138,Marcelino Cruz
6,8,Mazapa
6,61,Monte de San Agustín
6,24,NCPE Gustavo Díaz Ordaz
6,124,Puente del Ocomique
6,147,Rancho del Venado
6,77,Rancho Hermenegildo
6,250,Rancho Pajaritos
6,142,Raymundo Álvarez Guerrero
6,206,Rodolfo Ávila
6,207,Samuel Labastida
6,161,San Antonio (San Pedro)
6,9,San Bartolomé del Monte
6,10,San Cristóbal Zacacalco
6,12,San Felipe Sultepec
6,234,San Francisco
6,148,San Isidro [Rancho]
6,49,San José
6,269,San José
6,57,San José (Los Hornos)
6,15,San Marcos Guaquilpan
6,16,San Mateo Aticpac
6,155,San Miguel
6,187,San Rodrigo
6,156,San Vicente
6,36,Santa Cruz
6,228,Santa Isabel Mixtitlán
6,37,Santa Teresa
6,18,Santiago Cuaula
6,23,Zoquiapan
7,1,Villa de El Carmen Tequexquitla
7,2,La Soledad
7,3,Ocotlán Temalacayucan
7,5,Colonia Vicente Guerrero
7,6,Barrio de Guadalupe
7,10,Sebastián García
7,9998,Localidades de una vivienda
8,33,Colonia del Valle
8,5,Colonia Ignacio Allende
8,7,Colonia José María Morelos
8,27,Colonia Loma Bonita
8,10,Colonia Manuel Ávila Camacho
8,1,Cuapiaxtla
8,4,Egipto
8,56,Ejido de Allende
8,26,El Tejocote
8,15,Ex-Hacienda San Francisco Cuexcomatepec
8,35,Granja de Guadalupe
8,2,La Asunción Rascona
8,57,La Granja (Camino a Franco)
8,12,La Providencia
8,9999,Localidades de dos viviendas
8,9998,Localidades de una vivienda
8,65,Palma de Tres Brazos (Fracción Santo Domingo)
8,11,Plan de Ayala
8,67,Rancho Cerón
8,20,Rancho Mazarraza
8,14,San Cristóbal del Río
8,16,San Francisco Cuexcontzi
8,17,San Isidro Cuexcontzi
8,22,San Miguel Teometitla
8,28,San Rafael Tepatlaxco (Unión y Progreso)
8,29,Santa Beatriz la Nueva
8,36,Santa Fe
8,23,Santa Fe Uno
8,31,Santa Rebeca
8,49,Tecoac [Granja Porcina]
9,1,Cuaxomulco
9,2,San Miguel Buenavista
9,3,San Lorenzo Xaltelulco
9,4,Zacamolpa
10,44,Colonia Libertad
10,47,Ixcotlancuentlac
10,9999,Localidades de dos viviendas
10,9998,Localidades de una vivienda
10,58,Ojocotla
10,49,Potrero Calzolc
10,20,San Antoñotla
10,6,San Bartolomé Cuahuixmatlac
10,5,San Pedro Muñoztla
10,12,San Pedro Tlalcuapan de Nicolás Bravo
10,13,San Pedro Xochiteotla
10,8,San Rafael Tepatlaxco
10,1,Santa Ana Chiautempan
10,10,Santa Cruz Tetela
10,23,Santa Fe Esperanza
10,38,Tlalcolijia
10,53,Tronquera (Huexotitla)
11,42,El Sabinal [Rancho]
11,25,Los Maizales [Rancho]
11,1,Muñoz
11,3,San Bartolo Cuamantzingo
11,4,San Isidro Chipila
11,6,Guadalupe Cuauhtémoc
11,7,San José Cuamantzingo
11,9,Ex-Hacienda de Guadalupe
11,11,Ejido Muñoz
11,12,María Fragoso
11,33,Ejido de Zacatepec
11,34,La Loma de Zacatepec
11,36,Rancho la Bodega
11,9998,Localidades de una vivienda
11,9999,Localidades de dos viviendas
12,48,El Agua Santa (Las Tinas)
12,1,Españita
12,2,Álvaro Obregón
12,4,La Concepción
12,5,La Constancia
12,6,Francisco I. Madero el Viejo
12,8,La Joya
12,9,La Magdalena Cuextotitla
12,10,Miguel Aldama
12,11,Las Pilas
12,12,La Reforma
12,14,San Agustín
12,15,San Francisco Mitepec
12,16,San Juan Mitepec
12,18,San Miguel el Piñón
12,19,San Miguel Pipiyola
12,20,San Miguel Tepalca
12,22,Vicente Guerrero
12,25,Barrio de Torres
12,31,San Pablo
12,43,Rancho Guillén
12,69,El Vergel
12,9998,Localidades de una vivienda
12,9999,Localidades de dos viviendas
13,101,Ampliación Felipe Carrillo Puerto
13,6,Benito Juárez
13,278,Castillotla [Rancho]
13,122,Cerro Alto
13,169,Chapultepec [Gasolinera]
13,84,Colonia Acasillados San Martín Notario
13,54,Colonia Agrícola San Martín Notario
13,2,Colonia Altamira Guadalupe
13,13,Colonia Chapultepec
13,12,Colonia Cuauhtémoc
13,46,Colonia el Valle
13,76,Colonia Francisco I. Madero la Mesa
13,90,Colonia Francisco I. Madero Tecóac
13,77,Colonia Francisco Villa Tecóac
13,15,Colonia Hermenegildo Galeana
13,48,Colonia Licenciado Mauro Angulo
13,140,Cornelio Márquez
13,247,Ejido Atenco
13,110,Ejido Yancuitlalpan
13,8,El Carmen Xalpatlahuaya
13,258,El Cheff
13,235,El Cristo (Don Carmelo)
13,259,El Desmonte
13,204,El Durazno
13,273,El Gran Rey
13,274,El Huerto
13,194,El Mirador
13,97,El Molino [Ranchería]
13,198,El Pilar
13,193,El Porvenir
13,207,El Rebombeo
13,260,El Repartidor
13,107,El Rosario
13,188,Ernesto Gómez
13,100,Establo Tecopilco
13,14,Ex-Hacienda de Guadalupe
13,9,Ex-Hacienda la Compañía
13,182,Ex-Hacienda San Bartolo
13,185,Fracción de Xonecuila
13,118,Fracción la Natividad
13,147,Fracción Santa Ana Ríos
13,148,Fracción Xonecuila (Las Palmas)
13,49,General Francisco Villa
13,1,Huamantla
13,16,Ignacio Zaragoza
13,236,Jorge Pioquinto
13,224,José Juan Romero López
13,18,José María Morelos
13,266,La Cañada
13,267,La Constanza
13,71,La Lima [Ranchería]
13,248,La Loma (Juan Flores)
13,237,La Mesita
13,230,La Perseverancia
13,10,La Providencia (El Conquián)
13,19,Lázaro Cárdenas
13,268,Leones de Montecristo
13,9999,Localidades de dos viviendas
13,9998,Localidades de una vivienda
13,269,Loma Bonita
13,53,Los Álamos [Rancho]
13,25,Los Pilares
13,200,Los Pinos
13,209,Los Pinos [Rancho]
13,199,Los Pinos Dos
13,239,Martín Santiago Vázquez
13,47,NCP José María Morelos
13,39,NCP San José Teacalco
13,238,Pozo Blanco (El Colectivo)
13,279,Pozo Once
13,42,Ranchería de Torres
13,205,Rancho Alegre
13,277,Rancho Alegre
13,75,Rancho Cabildo
13,241,Real de la Paz
13,229,San Antonio los Pinos
13,52,San Cristóbal de la Laguna
13,31,San Diego Meca
13,129,San Diego Xalpatlahuaya
13,79,San Francisco Notario
13,32,San Francisco Tecóac [Colonia]
13,44,San José Xicohténcatl
13,21,San Martín Notario
13,35,San Miguel Báez
13,34,San Miguel Vista Hermosa [Rancho]
13,5,San Pedro el Batán
13,153,San Rafael Tepatlaxco el Bajo
13,36,Santa Ana Ríos
13,37,Santa Clara Sotoltepec
13,251,Santa Magdalena
13,92,Santa Margarita
13,45,Santa María Magdalena Xonecuila
13,213,Santa Rita
13,215,Tirso Gutiérrez
13,243,Trinidad Altamirano Hernández
13,216,Tubera Guadalupe
13,280,Venancio Márquez
13,244,Víctor Lima (El Establito)
14,31,Agua Limpia
14,8,Colonia Adolfo López Mateos
14,26,El Carmen (Las Carrozas)
14,74,El Jardín
14,80,El Paraíso
14,45,Emilio Sánchez Piedras
14,1,Hueyotlipan
14,5,Ignacio Zaragoza
14,3,La Cruz Techalote [Colonia]
14,9,La Purísima [Rancho]
14,9999,Localidades de dos viviendas
14,9998,Localidades de una vivienda
14,39,Loma Bonita
14,35,NCP San Antonio Techalote
14,70,Potrero Grande
14,71,Rancho Dos Hermanos
14,11,San Andrés Cuaximala
14,10,San Diego Recoba
14,15,San Fernando
14,17,San Lorenzo Techalote
14,18,San Manuel Tlalpan
14,20,San Simeón Xipetzinco
14,43,Santa Lucía
14,6,Santa María Ixcotla
14,23,Santiago Tlalpan
15,51,Alpotzonga
15,2,Alpotzonga de Lira y Ortega
15,60,Capula
15,118,Colonia Ejido Santa Justina Ecatepec
15,167,Colonia El Progreso
15,165,Efrén Morales
15,66,El Centenario
15,145,El Refugio
15,157,El Retorno [Rancho]
15,7,Espíritu Santo
15,96,Fracción la Virgen
15,5,La Caridad Cuaxonacayo
15,111,La Fiscala
15,125,La Huérfana
15,36,La Soledad
15,77,La Suiza [Rancho]
15,38,La Trinidad Tenexyecac
15,163,La Venta
15,40,La Virgen
15,79,Las Coquitas [Rancho]
15,94,Las Moras (Las Moradillas)
15,85,Las Rositas
15,153,Las Torres
15,9999,Localidades de dos viviendas
15,9998,Localidades de una vivienda
15,117,Los Pérez [Rancho]
15,154,Rancho Escondido
15,69,Rancho Miguel Ángel
15,91,Rancho Mira el Sol
15,164,Rancho Montecristo
15,73,Río Chiquito
15,3,San Antonio Atotonilco
15,19,San Antonio Tecóac
15,20,San Antonio Tizostoc
15,21,San Cristóbal Oxtotlapango
15,22,San Diego Xocoyucan
15,156,San Francisco [Colonia]
15,15,San Gabriel Popocatla
15,162,San José
15,45,San José Escandona
15,12,San Juan Nepopualco
15,105,San Lucas
15,25,San Marcos Jilotepec
15,26,San Miguel la Presa
15,27,San Nicolás
15,70,San Rafael [Rancho]
15,30,Santa Cruz el Porvenir
15,31,Santa Inés Tecuexcomac
15,32,Santa Justina Ecatepec
15,33,Santa María
15,34,Santa Rosa de Lima
15,35,Santiago Xochimilco
15,148,Tláloc
15,166,Tma SSSS Gas [Gasera]
15,1,Villa Mariano Matamoros
16,1,Ixtenco
16,7,Los Álamos
16,11,La Era
16,19,El Desmonte
16,20,El Encino
16,21,Los Sabinos
16,22,San Juan
16,23,El Cerrito
16,24,Ranchería de Pilares
16,9998,Localidades de una vivienda
16,9999,Localidades de dos viviendas
17,1,Mazatecochco
17,7,Zacatecoma
17,15,San Juan Ixhualco
17,18,San Isidro
17,9998,Localidades de una vivienda
18,9,Capula
18,1,Contla
18,3,Ixtlahuaca
18,7,La Luz [Barrio]
18,8,Ocotlán Tepatlaxco
18,2,San Felipe Cuauhtenco
18,4,San José Aztatla
18,6,Santa María Aquiáhuac
19,1,Tepetitla
19,4,Guadalupe Victoria
19,7,San Mateo Ayecac
19,9,Villa Alta
19,13,Los Morelia
19,9998,Localidades de una vivienda
20,62,Doña Evelia (Los Alpinos)
20,45,San Nicolás (Farfán)
20,1,Sanctórum
20,3,Estación Contadero
20,4,Francisco Villa
20,7,La Providencia
20,10,San Nicolás el Grande
20,13,Los Alpinos
20,14,Esquibajas
20,18,Santa Cruz
20,19,San Leonardo Arroyo
20,22,Balconcillos
20,43,La Presa de Pozuelos
20,52,Juan Antonio
20,55,NCP Álvaro Obregón
20,60,Las Palomas
20,74,Cuatro Vientos
20,75,Dos Potrillos
20,77,Santa Teresa
20,9998,Localidades de una vivienda
20,9999,Localidades de dos viviendas
21,1,Ciudad de Nanacamilpa
21,4,Domingo Arenas (La Calera)
21,5,Francisco I. Madero
21,6,Ixtafiayuca
21,7,Media Caballería
21,8,Miguel Lira y Ortega
21,11,San Felipe Hidalgo
21,13,San Isidro
21,17,Colonia Tepuente
21,24,El Carmen [Rancho]
21,26,Rancho Tebarroso (El Capitán)
21,36,Cuatro Caminos
21,41,El Mirador
21,42,Los Rosales
21,45,Los Delgadillo
21,49,La Candelaria
21,54,Mifive
21,68,Agua Escondida
21,76,Los Ceibos
21,87,Techolulco
21,97,José Eduardo Hernández Fernández
21,105,Constantino Zavala
21,109,Los Reyes II [Granja]
21,113,El Cristo [Rancho]
21,114,Javier Olvera
21,120,Mario Espejel
21,127,El Refugio del Guerrero [Rancho]
21,132,La Loma de Mazapa
21,134,Pueblo Nuevo
21,138,La Loma de Enmedio
21,141,El Ciprés
21,148,Santa Clara (El Corte)
21,165,Colonia Antorchista San Cayetano
21,166,Colonia La Unión
21,167,San Pedro el Carmen
21,170,Villas del Bosque Santa Clara
21,171,Margarito [Rancho]
21,9998,Localidades de una vivienda
21,9999,Localidades de dos viviendas
22,1,Acuamanala
22,3,Concepción Chimalpa
22,4,Guadalupe Hidalgo
22,5,Olextla de Juárez
23,42,Colecturía
23,66,Cuanopala [Rancho]
23,33,El Rosario [Rancho]
23,24,Ex-Hacienda Santa Elena
23,5,Guadalupe Victoria
23,61,Jardínes de Tepactepec
23,6,Jesús Tepactepec
23,9999,Localidades de dos viviendas
23,9998,Localidades de una vivienda
23,30,Loma Verde
23,65,Los Rodríguez
23,34,Matamoros
23,27,Miguel Saloma
23,1,Natívitas
23,37,NCP Santa Elena Teacalco
23,35,Rutilo Vázquez
23,28,San Antonio
23,7,San Antonio Teacalco
23,3,San Bernabé Capula
23,21,San Francisco Tenexyecac
23,64,San Isidro
23,8,San José Atoyatenco
23,22,San Juan Tepactepec
23,2,San Miguel Analco
23,9,San Miguel del Milagro
23,23,San Miguel Tlale
23,10,San Miguel Xochitecatitla
23,11,San Rafael Tenanyecac
23,17,San Vicente Xiloxochitla
23,14,Santa Clara Atoyac
23,16,Santiago Michac
23,4,Santo Tomás la Concordia
23,56,Tepenberna
23,38,Zanja Real
24,28,Camino a San Miguel
24,24,Chichiapas
24,18,El Nopal
24,25,Fraccionamiento la Virgen
24,29,Fraccionamiento Santa Elena
24,4,Jesús Acatitla
24,26,La Hacienda Vieja
24,20,La Plana (Los Volcanes)
24,9998,Localidades de una vivienda
24,17,Nixtlalpa (Colonia las Palmas)
24,1,Panotla
24,5,San Ambrosio Texantla
24,6,San Francisco Temetzontla
24,7,San Jorge Tezoquipan
24,8,San Mateo Huexoyucan
24,11,San Tadeo Huiloapan
24,9,Santa Catalina Apatlahco
24,10,Santa Cruz Techachalco
24,19,Santa Martha [Rancho]
24,30,Unidad Habitacional II
25,6,Acopilco
25,7,Ahuashuame
25,24,Cacamila San Antonio
25,25,Calaquiotli
25,1,Ciudad de San Pablo del Monte
25,3,Ex-Hacienda Guadalupe Xaltelulco
25,22,Hueyocotl
25,9999,Localidades de dos viviendas
25,9998,Localidades de una vivienda
25,38,Moxontitla
25,28,Ocoilacas
25,9,Ocopipila
25,39,Papanasno
25,40,Pilazol
25,41,Rancho Escondido
25,42,Sais
25,2,San Isidro Buen Suceso
25,29,San José Tecosahuatla
25,44,Tectepetla
25,11,Tetzacual
25,50,Tlaxtlaxcantla
25,13,Xahuén Vargas
25,30,Xahuentepizila
26,21,El Tesoro (Bautista) [Rancho]
26,27,San Diego [Rancho]
26,1,Santa Cruz Tlaxcala
26,2,Guadalupe Tlachco
26,3,Jesús Huitznáhuac
26,4,San Lucas Tlacochcalco
26,5,San Miguel Contla
26,16,Xamistla
26,18,Alejandro Peña Conde
26,26,Luis Reyes
26,9998,Localidades de una vivienda
27,11,Tepepantlalpa (Magdalena Reyes)
27,1,Tenancingo
27,7,Concepción Acopilco
27,13,Tecoac
27,9998,Localidades de una vivienda
28,1,Teolocholco
28,2,El Carmen Aztama
28,3,Acxotla del Monte
28,4,Cuaxinca
28,7,Popozotzi
28,10,Ayocalco
28,15,Cuahtenco
28,21,La Vuelta
28,23,Texalepila
28,26,Zapahua
28,27,Alailazotl
28,28,Tepochmetlatl
28,32,Tepizila
28,33,Apachco
28,43,Román Zitlalpopocatl
28,44,Tepetumayo
28,45,Xaxantila
28,47,Sesehuatlán
28,48,Ixtlahuac
28,49,Tlacahigualol
28,9998,Localidades de una vivienda
28,9999,Localidades de dos viviendas
29,2,Las Águilas [Colonia]
29,1,Tepeyanco
29,3,San Cosme Atlamaxac
29,4,La Aurora
29,6,Colonia Guerrero
29,9,Santiago Tlacochcalco
29,11,San Pedro Xalcaltzinco
29,17,Armando Sánchez
29,18,Gerardo Franco
29,22,Antorcha Campesina
29,23,Colonia Guadalupe
29,24,El Potrero
29,9998,Localidades de una vivienda
30,14,Carpintería (El Carpintero)
30,15,Cerrito de Guadalupe
30,54,Comunidad Cuatro Caminos (El Rosario)
30,17,Cortesco
30,146,Cristalaco
30,156,El Arracada [Rancho]
30,10,El Capulín [Colonia]
30,12,El Capulín [Rancho]
30,95,El Capulín [Rancho]
30,118,El Dorado [Rancho]
30,129,El Mirador
30,157,El Ocote
30,121,El Ocote (Las Pozas) [Rancho]
30,33,El Pilancón
30,35,El Rincón [Ranchería]
30,158,El Sauce
30,22,Guadalupe Victoria
30,134,José Melquiades Hernández Altamirano (Rancho el Barril)
30,144,La Caldera
30,77,La Candelaria [Rancho]
30,112,La Cañada
30,159,La Estrella
30,63,La Mesa (La Cumbre) [Rancho]
30,31,La Noria [Rancho]
30,106,La Pera
30,70,La Presa [Rancho]
30,9999,Localidades de dos viviendas
30,9998,Localidades de una vivienda
30,2,Los Ameles (Acolco)
30,85,Los Ameles [Rancho]
30,124,Los Capulines [Rancho]
30,148,Mallórico de Fermín Altamirano (El Paraíso)
30,154,Manuel Pérez Flores
30,38,Nicolás Bravo
30,149,Paso Hondo
30,96,Rancho Guadalupe
30,80,Rancho Puerta Colorada
30,76,Rancho Viejo
30,160,Reforma
30,139,Rosendo Gómez Hernández
30,87,San Isidro [Rancho]
30,41,San José Villarreal
30,72,San Juan Villarreal [Rancho]
30,79,San Pedro de Guadalupe
30,73,Santa Ana [Rancho]
30,42,Tenexac
30,1,Terrenate
30,74,Tlacaxolo
30,47,Toluca de Guadalupe
31,104,Ahuatepec
31,69,Alejandro López Ávila (Los Temontones)
31,74,Alvarado [Cartonera]
31,115,Braulio Noya
31,3,Capulac
31,109,Cuitzillo [Rancho]
31,110,Domingo Suárez
31,57,Ejido de Apizaquito
31,95,El Cazador [Rancho]
31,56,El Corazón
31,90,El Grillo [Rancho]
31,117,El Ocote
31,19,El Prado
31,130,El Retoñaje
31,120,Ernestina Báez Hernández
31,80,Felipe Gutiérrez
31,98,Fidel Castillo
31,60,Fracción el Derramadero
31,83,Guillermo Macías
31,17,José María Morelos y Pavón
31,76,Juan Antonio Gálvez [Cartonera]
31,47,Juan Lima Olivares
31,70,La Avenida
31,102,La Cabaña del Indio [Rancho]
31,39,La Concepción
31,89,La Divina Providencia
31,40,La Loma [Rancho]
31,111,La Monera [Rancho]
31,53,Las Arenas
31,112,Las Cabañas del Abuelo
31,134,Las Mismas Mulas
31,9999,Localidades de dos viviendas
31,9998,Localidades de una vivienda
31,106,María de la Luz Sánchez
31,123,Martin Piedras Hernández
31,132,Monte de Piedad [Rancho]
31,66,NCPE San Francisco Tepeyanco
31,18,Plan de Ayala
31,61,Rancho de Gómez
31,99,Rancho Santa Cruz
31,127,Rancho Santa Teresa 3 Potrillos
31,97,Ricardo Aguirre Martínez [Cartonera]
31,33,Ricardo Flores Magón
31,10,San Bartolomé Matlalohcan
31,11,San Francisco Atexcatzinco
31,26,San Gregorio
31,27,San Isidro
31,20,San Isidro Piedras Negras
31,13,San José Piedras Negras
31,133,San Judas Tadeo
31,67,San Miguel [Rancho]
31,15,Santa Fe la Troje
31,28,Santa Margarita
31,34,Santa Margarita
31,46,Santa María Zotoluca [Granja Porcina]
31,49,Santa Rosa [Rancho]
31,22,Santa Rosa Mena [Colonia]
31,1,Tetla
32,8,Piedras Blancas (La Cabaña)
32,1,Tetlatlahuca
32,2,San Andrés Cuamilpa
32,3,San Bartolomé Tenango
32,6,Santa Ana Portales
32,7,Santa Cruz Aquiahuac
32,12,Santa Cruz Capulinares
32,14,Guetulio Suárez López
32,19,Atenco
32,24,La Cachorra
32,28,Santa Águeda
32,29,El Columpio
32,32,Los Pinos
32,33,Val'Quirico
32,34,Los Pirules
32,9998,Localidades de una vivienda
32,9999,Localidades de dos viviendas
33,22,Cruz Blanca
33,21,La Era
33,9999,Localidades de dos viviendas
33,9998,Localidades de una vivienda
33,8,Ocotlán
33,24,Potrero Chico (Colina del Sol)
33,23,Potrero Grande
33,18,Pueblo Heroico de la Trinidad Tepehitec
33,9,San Buenaventura Atempan
33,10,San Diego Metepec
33,11,San Esteban Tizatlán
33,12,San Gabriel Cuauhtla
33,13,San Hipólito Chimalpa
33,14,San Lucas Cuauhtelulpan
33,15,San Sebastián Atlahapa
33,16,Santa María Acuitlapilco
33,17,Santa María Ixtulco
33,1,Tlaxcala de Xicohténcatl
34,2,Acopinalco del Peñón
34,125,Agua Escondida
34,335,Agua Escondida Zotoluca
34,114,Alta Luz
34,410,Antonio Rodríguez (La Rayuela)
34,344,Cabaña Rivera
34,9,Capilla de Tepeyahualco
34,11,Casa Blanca
34,424,Casa Goyri
34,39,Comisión Federal de Electricidad-La Martinica
34,14,Conzoquio
34,16,Corralillos
34,106,Diego Muñoz Camargo
34,192,Dos Barrancas
34,244,Ejido Río Blanco (El Doce)
34,147,Ejido San José Atotonilco
34,126,El Carmen
34,239,El Catorce
34,349,El Chupadero
34,156,El Colibrí [Rancho]
34,411,El Compadre
34,15,El Convento
34,407,El Coyote
34,247,El Embarcadero
34,206,El Fresno
34,23,El Grullo
34,235,El Jagüey
34,29,El Jardín
34,442,El Lindero
34,263,El Llano
34,162,El Matorral
34,42,El Mirador
34,268,El Mirador
34,390,El Mirador (Teresa Rivera)
34,269,El Nacimiento
34,46,El Paraíso
34,274,El Paraje
34,47,El Pardo
34,132,El Pato [Rancho]
34,371,El Pedregal
34,201,El Potrero [Rancho]
34,193,El Potrero Mazayolo [Rancho]
34,383,El Potrillo
34,59,El Rosario
34,81,El Santísimo [Rancho]
34,175,El Sotol
34,149,El Tecorral
34,306,El Tintero
34,264,El Valle
34,179,El Volador
34,378,El Xochío
34,397,Emilio Guarneros Carrillo
34,87,Ex-Hacienda San José Tepeyahualco
34,22,Graciano Sánchez
34,98,Guadalupe Huexotitla
34,439,Jacques Rivera [Rancho]
34,360,Jorge Conde López
34,408,José Fajardo Arroyo
34,30,José María Morelos Buenavista
34,396,Juan Arroyo (San Isidro)
34,8,La Candelaria
34,13,La Ciénega
34,25,La Herradura
34,102,La Lobera
34,436,La Loma
34,211,La Loma del Cortijo
34,267,La Loma del Jardín
34,35,La Lomita
34,37,La Magdalena Soltepec
34,365,La Mesa del Cielo
34,45,La Palma
34,273,La Parada del Conejo (La Cieneguilla)
34,164,La Pera
34,431,La Pradera del Potro
34,58,La Rosa
34,432,La Soledad
34,438,La Soledad (El Carril)
34,93,La Trasquila
34,43,La Tronconera
34,194,La Vega
34,33,Lagunilla
34,232,Las Ánimas
34,181,Las Arandelas
34,422,Las Jacarandas [Rancho]
34,161,Las Maravillas [Rancho]
34,41,Las Mesas
34,367,Las Palomas
34,112,Las Palomas [Rancho]
34,91,Las Tórtolas
34,177,Las Vigas
34,159,Llanos de Teopa (Valle Escondido)
34,9999,Localidades de dos viviendas
34,9998,Localidades de una vivienda
34,160,Loma de Enmedio
34,314,Los Aztecas [Rancho]
34,10,Los Capulines
34,18,Los Charcos
34,210,Los Laureles
34,440,Los Pacher [Rancho]
34,416,Los Pinos (Israel Olvera de Jesús)
34,373,Los Polos
34,292,Los Serrano [Rancho]
34,88,Los Teteles
34,420,Los Tres Compadres [Rancho]
34,117,Maguey Cenizo
34,38,Mariano Matamoros
34,94,Máximo Rojas Xalóstoc
34,40,Mazaquiáhuac
34,370,Metla (los Pinos)
34,158,NCPE la Herradura
34,214,Nuevo Quintanilla
34,44,Ojo de Agua
34,270,Ojo de Agua
34,372,Piedra Blanca
34,299,Rancho Campo David
34,167,Rancho de la Providencia
34,419,Rancho de los Domínguez
34,54,Rancho Nuevo
34,296,Rancho Seco el Viejo
34,380,Rancho Tablón de Guadalupe Payuca
34,90,Rancho Toltecapa
34,60,San Agustín [Rancho]
34,19,San Antonio Chapultepec
34,26,San Antonio Huexotitla
34,155,San Baltazar
34,113,San Diego Quintanilla
34,6,San José Atotonilco
34,71,San José de las Delicias [Rancho Cinegético]
34,386,San José el Escombro
34,86,San José Tepeyahualco
34,169,San Juan
34,72,San Lorenzo Soltepec
34,170,San Martín [Rancho]
34,77,San Pedro la Cueva
34,173,San Ricardo
34,174,Santa Cruz [Rancho]
34,387,Santa Cruz Rancho Seco
34,434,Santa Elena
34,78,Santa Fe
34,435,Santa María de Guadalupe
34,80,Santa María Zotoluca
34,79,Santa Rosa [Rancho]
34,100,Santa Rosa de Lima
34,84,Tecomalucan
34,89,Tetzitzilica
34,392,Tierra Nueva
34,138,Titichilco
34,307,Tlaquexpa
34,1,Tlaxco
34,101,Unión Ejidal Tierra y Libertad
34,180,Zacatonal (Colonia Iturbide)
35,5,Santa Cruz [Rancho]
35,1,Tocatlán
35,3,Acocotla
35,4,La Cañada
35,9998,Localidades de una vivienda
35,9999,Localidades de dos viviendas
36,1,San Juan Totolac
36,2,Acxotla del Río
36,3,La Candelaria Teotlalpan
36,5,Los Reyes Quiahuixtlán
36,6,San Francisco Ocotelulco
36,7,San Miguel Tlamahuco
36,8,Santiago Tepeticpac
36,9,La Trinidad Chimalpa
36,10,Cerro del Metecatzi
36,13,Zaragoza
37,23,Julián de la Cruz Ramírez (Rancho la Loma)
37,24,Rancho Guadalupe (Ejido del Rincón Zitlaltepec)
37,13,San Bernardino [Rancho]
37,1,Zitlaltépec
37,2,Colonia Francisco Javier Mina
37,4,San Juan Bautista Mier
37,5,Ex-Hacienda San Juan Bautista
37,16,Guadalupe los Capulines
37,19,Barranca de San Nicolás
37,9998,Localidades de una vivienda
37,9999,Localidades de dos viviendas
38,21,La Providencia las Huertas [Rancho]
38,28,Mazapa (Rancho los Juanes)
38,26,Rancho Cruztitla (Coyoeca)
38,1,Tzompantepec
38,2,San Andrés Ahuashuatepec
38,4,San Juan Quetzalcoapan
38,5,San Mateo Inophil
38,6,Xaltianquisco
38,14,Rancho Amoltepec
38,30,Cuayecatl
38,31,Lucas Flores
38,32,Fraccionamiento el Divino Salvador
38,9998,Localidades de una vivienda
38,9999,Localidades de dos viviendas
39,27,Celino Sánchez Conde
39,8,Colonia José López Portillo
39,5,Colonia Velazco
39,6,Colonia Venustiano Carranza
39,14,El Jagüey Prieto
39,33,El Señor de Chalma [Rancho]
39,35,FDX [Rancho]
39,26,Florencia Sánchez Nava
39,3,Guadalupe Texmolac
39,34,La Candelaria
39,11,La Colmena
39,24,Las Brisas
39,9999,Localidades de dos viviendas
39,9998,Localidades de una vivienda
39,12,Los Corrales
39,19,Nicolás Bravo [Granja Avícola]
39,30,Rancho José Pilar
39,31,Rancho R77
39,25,San Fernando [Rancho]
39,32,San Juan [Rancho]
39,2,San Pedro Tlacotepec
39,7,Santa Cruz Zacatzontetla
39,1,Xaloztoc
40,20,Agua Bendita
40,18,Atzacoalco
40,53,Cañada de Chipila
40,36,Cinco Santos
40,16,Cuatla
40,4,La Ascensión Huitzcolotepec
40,7,La Retama
40,62,La Tabla
40,6,Las Mesas [Colonia]
40,9999,Localidades de dos viviendas
40,9998,Localidades de una vivienda
40,61,Los Arrieta [Rancho]
40,57,María Eugenia García (El Cerro)
40,44,Nueva Ampliación Adolfo Ruiz Cortínez
40,45,Nueva Ampliación Camino a Xaltocan
40,48,Rancho Alva
40,49,Rancho Zárate
40,51,Rubén Sánchez
40,58,San Isidro
40,14,San José Texopa
40,55,San Pedro
40,10,San Simón Tlatlahuquitepec
40,11,Santa Bárbara Acuicuizcatepec
40,13,Topilco de Juárez
40,39,Valentín Flores Hernández
40,1,Xaltocan
40,59,Zozoquítla
41,1,Papalotla
41,4,San Marcos Contla
41,14,El Piecito
41,15,San Diego Buenavista
41,16,Tepizila
41,17,Xaltonac
41,18,Copachigia
41,19,Zacatecoma
41,9998,Localidades de una vivienda
41,9999,Localidades de dos viviendas
42,1,Xicohtzinco
43,9,Barrio de Atencingo
43,17,Chimalpa
43,19,Cuarta Sección
43,23,El Llano
43,26,El Llano Dos
43,2,El Rosario Ocotoxco
43,11,Hualcaltzinco
43,21,La Soledad (El Charco) [Rancho]
43,27,Las Rocas [Rancho]
43,9999,Localidades de dos viviendas
43,9998,Localidades de una vivienda
43,3,San Benito Xaltocan
43,1,San Dionisio Yauhquemehcan
43,4,San Francisco Tlacuilohcan
43,12,San José Tepoxtla
43,8,San José Tetel
43,5,San Lorenzo Tlacualoyan
43,6,Santa María Atlihuetzian
43,7,Santa Úrsula Zimatepec
43,22,Serafín Sánchez García
43,24,Tepetexco
43,20,Tlatelpa
44,1,Zacatelco
44,7,Domingo Arenas
44,8,Campo Dolores
44,18,Tlatelpa
44,9998,Localidades de una vivienda
45,11,Los Carlos [Rancho]
45,12,Rancho Alegre (La Alborada)
45,1,Benito Juárez
45,4,Jagüey de Novillos
45,6,Ampliación los Pinos
45,10,Cinco Hilos
45,9998,Localidades de una vivienda
46,2,Ahilitla
46,7,Colonia Gustavo Díaz Ordaz
46,5,El Capulitic
46,6,El Ciprés
46,15,El Epazote [Rancho]
46,31,El Tejocote
46,1,Emiliano Zapata
46,28,Fracción el Durazno
46,32,La Loma
46,30,La Mancera
46,35,La Venta
46,17,Las Palomas [Rancho]
46,9999,Localidades de dos viviendas
46,9998,Localidades de una vivienda
46,10,Loma de Vacas
46,9,Los Encinos
46,13,Rancho Coamila
46,14,Rancho Cruz Verde
46,16,Rancho Guardamonte
46,18,Rancho Ojo de Agua
46,20,Rancho Tres Ríos
46,21,Rancho Vista Hermosa
46,37,San Isidro [Rancho]
46,19,San Nicolás [Rancho]
46,22,Tecoaquillo
46,23,Tipitzila
46,24,Tlaximaloya (La Amapola)
47,7,La Mancera [Rancho]
47,1,Lázaro Cárdenas
47,6,Rancho Atlixtaca
47,8,Rancho Maribel
47,9,San José de la Laguna
47,10,El Palomar
47,13,Víctor Carmona
47,9998,Localidades de una vivienda
47,9999,Localidades de dos viviendas
48,1,La Magdalena Tlaltelulco
49,1,San Damián Texóloc
49,4,Luis Echeverría Álvarez
49,6,Tlaxala
49,9999,Localidades de dos viviendas
50,11,San Miguel [Rancho]
50,1,San Francisco Tetlanohcan
50,3,Achichihualoya
50,9,Elizabeth Pacheco Romero
50,9998,Localidades de una vivienda
50,9999,Localidades de dos viviendas
51,2,La Herradura [Rancho]
51,1,San Jerónimo Zacualpan
51,6,Una Flor en el Pantano
51,9998,Localidades de una vivienda
52,15,Altos de Mesa
52,11,Colonia Ecológica
52,16,Dolores
52,14,El Durazno
52,6,El Encinal Dos de Mayo
52,17,El Santuario
52,18,El Tecolote [Rancho]
52,7,Ex-Rancho San Nicolás Cuatlapanga
52,19,La Concepción
52,9998,Localidades de una vivienda
52,1,San José Teacalco
52,12,San Luis
52,13,San Pedro Mártir
52,8,San Rafael [Rancho]
52,20,Yolican Malintzi
53,1,San Juan Huactzinco
53,7,Milpa Alta
53,9999,Localidades de dos viviendas
54,1,San Lorenzo Axocomanitla
54,2,El Rancho
54,9998,Localidades de una vivienda
55,16,Maximino (El Llano)
55,1,San Lucas Tecopilco
55,2,Las Cañadas
55,6,San José Rosastitla
55,8,Loma Bonita
55,9,Tlaxcantitla
55,10,Toltecapa
55,11,Xilomantla
55,13,El Llano
55,14,Cauatla
55,15,Las Cañadas
55,18,El Ranchito
55,19,Los Álamos
55,23,El Tejocote
55,25,Los Magueyales
55,9998,Localidades de una vivienda
55,9999,Localidades de dos viviendas
56,4,San Ignacio [Rancho]
56,1,Santa Ana Nopalucan
56,9998,Localidades de una vivienda
57,11,La Besana del Puente (Acuilco)
57,1,Santa Apolonia Teacalco
57,13,La Capilla
57,9998,Localidades de una vivienda
58,1,Santa Catarina Ayometla
58,2,Palula
59,5,Chimalpa [Rancho]
59,4,Schneider Electric México [Fábrica]
59,1,Santa Cruz Quilehtla
59,2,Ayometitla
59,3,Potrero
59,9998,Localidades de una vivienda
60,1,Santa Isabel Xiloxoxtla
